1480388476.000000, 1480388476.000000, 1480388476.000000
32.000000, 32.000000, 32.000000
-26,-62,9
-27,-56,7
-23,-52,8
-24,-56,7
-22,-61,4
-20,-67,2
-19,-71,0
-15,-69,0
-14,-64,1
-16,-60,3
-17,-58,3
-20,-57,-1
-21,-56,0
-16,-56,2
-14,-54,3
-11,-52,5
-8,-50,8
-12,-51,8
-15,-51,12
-15,-54,14
-19,-59,13
-16,-64,18
-20,-76,24
-18,-86,23
-13,-86,19
-12,-85,15
-16,-71,6
-19,-46,4
-21,-46,3
-23,-50,4
-28,-59,-1
-26,-61,-2
-21,-60,-2
-21,-51,1
-20,-49,3
-21,-47,3
-22,-48,6
-20,-53,18
-19,-58,27
-17,-61,23
-14,-61,19
-7,-61,14
-12,-62,11
-14,-62,12
-15,-62,16
-22,-60,14
-23,-71,12
-26,-80,12
-28,-76,8
-31,-68,8
-30,-63,8
-27,-55,9
-22,-47,9
-19,-61,3
-18,-68,1
-17,-76,-2
-14,-73,-1
-15,-63,4
-17,-59,5
-17,-52,7
-16,-51,4
-15,-51,4
-13,-49,4
-17,-54,1
-34,-42,11
-42,-33,17
-65,-60,43
-55,-75,50
-23,-89,80
-1,-94,93
-22,-93,73
-23,-89,53
-15,-78,47
-13,-71,40
-11,-57,27
-9,-45,20
-4,-44,18
6,-41,15
6,-36,9
4,-21,2
7,-17,3
12,-13,4
11,-16,10
7,-20,11
4,-24,11
-7,-39,10
-21,-47,6
-36,-66,10
-27,-76,38
-34,-82,47
-44,-85,46
-42,-78,47
-61,-93,35
-57,-90,30
-52,-66,30
-52,-73,25
-50,-64,19
-48,-66,17
-41,-60,15
-37,-57,13
-38,-57,11
-35,-57,10
-36,-58,9
-36,-57,6
-35,-55,6
-28,-59,7
-26,-56,10
-21,-58,10
-20,-54,10
-16,-54,11
-13,-59,13
-13,-57,13
-14,-57,9
-17,-63,9
-24,-81,18
-26,-79,27
-27,-62,32
-27,-61,28
-20,-61,10
-15,-65,5
-10,-73,4
-10,-67,5
-11,-63,7
-13,-59,8
-17,-59,5
-19,-52,1
-17,-52,2
-13,-50,4
-12,-50,5
-11,-49,6
-12,-49,5
-14,-50,5
-16,-54,4
-18,-63,1
-26,-72,-2
-29,-72,-1
-24,-65,9
-21,-65,9
-24,-62,14
-27,-57,21
-23,-53,34
-22,-53,34
-17,-60,26
-18,-57,24
-20,-59,20
-23,-64,9
-21,-62,13
-23,-57,8
-17,-59,9
-23,-61,7
-22,-62,7
-23,-61,6
-21,-61,8
-16,-56,11
-15,-56,11
-12,-60,13
-9,-62,13
-8,-61,13
-11,-55,13
-14,-56,12
-22,-63,9
-24,-63,7
-26,-59,7
-26,-59,7
-26,-57,6
-27,-57,5
-26,-56,5
-28,-57,5
-26,-58,4
-29,-57,2
-24,-61,5
-26,-61,3
-26,-61,4
-25,-62,5
-23,-61,6
-21,-64,6
-21,-71,7
-18,-76,10
-16,-71,11
-15,-63,12
-10,-61,9
-11,-62,5
-13,-61,3
-14,-59,4
-12,-55,6
-13,-54,5
-14,-56,4
-17,-58,6
-17,-58,10
-17,-57,12
-17,-57,12
-19,-58,11
-23,-58,11
-23,-62,10
-23,-64,8
-21,-61,7
-26,-59,4
-25,-61,10
-26,-61,10
-26,-58,6
-24,-58,5
-24,-59,8
-23,-58,7
-22,-58,5
-20,-59,6
-19,-60,5
-20,-61,5
-20,-60,5
-19,-58,5
-17,-57,5
-16,-57,7
-16,-60,6
-19,-65,6
-23,-64,8
-21,-61,8
-19,-56,8
-18,-56,8
-18,-65,7
-19,-66,8
-21,-64,8
-20,-59,7
-20,-53,7
-19,-50,8
-15,-56,3
-17,-66,5
-19,-64,7
-20,-59,7
-20,-57,7
-19,-54,6
-19,-52,7
-16,-51,7
-15,-59,5
-17,-71,7
-19,-72,8
-24,-66,11
-24,-63,12
-26,-60,9
-18,-60,9
-21,-58,9
-19,-59,7
-18,-58,6
-19,-59,4
-20,-59,3
-21,-59,4
-20,-58,5
-18,-59,8
-17,-60,11
-17,-63,11
-16,-58,12
-18,-58,13
-19,-59,11
-19,-60,10
-20,-58,8
-20,-60,7
-22,-59,5
-23,-59,6
-24,-60,6
-22,-60,7
-19,-59,8
-21,-59,9
-23,-59,9
-23,-59,9
-23,-60,9
-22,-60,9
-22,-60,9
-21,-60,9
-20,-61,9
-19,-61,8
-18,-62,8
-18,-62,8
-18,-60,8
-18,-58,8
-17,-57,9
-17,-57,8
-16,-57,8
-16,-58,8
-18,-59,8
-19,-60,8
-20,-61,9
-21,-61,9
-22,-60,10
-22,-60,10
-22,-59,9
-22,-59,8
-22,-59,7
-21,-59,7
-21,-59,6
-20,-59,7
-20,-59,7
-20,-59,9
-20,-59,9
-20,-60,9
-20,-59,10
-21,-60,10
-21,-59,9
-21,-59,9
-21,-59,8
-22,-60,8
-21,-60,8
-21,-60,7
-21,-60,7
-20,-60,8
-19,-60,8
-18,-60,8
-18,-60,8
-18,-60,9
-18,-60,9
-18,-60,8
-19,-59,8
-20,-59,8
-20,-59,8
-21,-60,8
-21,-60,7
-20,-60,7
-20,-60,8
-20,-59,8
-19,-59,8
-19,-59,8
-19,-59,9
-20,-59,9
-21,-59,9
-21,-60,9
-21,-59,8
-21,-60,8
-21,-60,7
-21,-59,7
-20,-59,7
-20,-59,7
-20,-59,8
-20,-60,9
-20,-60,9
-20,-60,9
-21,-60,9
-21,-59,8
-20,-59,8
-20,-59,7
-19,-59,7
-18,-59,7
-19,-59,7
-19,-60,8
-20,-60,8
-20,-60,8
-20,-60,8
-20,-60,7
-20,-60,7
-20,-59,7
-19,-59,6
-19,-60,6
-18,-60,6
-18,-60,7
-16,-60,7
-13,-61,9
-11,-60,11
-7,-65,15
-9,-72,15
-12,-81,9
-14,-87,1
-17,-59,2
-16,-46,7
-19,-35,16
-18,-33,23
-7,-33,21
-3,-48,14
-12,-68,14
-26,-88,12
-36,-86,6
-26,-70,0
-15,-64,4
-7,-51,9
-8,-53,7
-19,-60,4
-24,-64,3
-16,-60,4
-13,-61,5
-18,-63,5
-20,-57,4
-21,-53,6
-20,-58,6
-21,-61,2
-22,-71,-5
-24,-66,-4
-22,-57,0
-21,-62,0
-17,-56,5
-14,-54,2
-17,-60,0
-14,-70,0
-14,-65,0
-10,-71,3
-15,-73,3
-29,-65,7
-31,-54,9
-20,-42,10
-15,-46,8
-13,-54,4
-16,-58,2
-15,-72,2
-7,-77,3
-10,-66,-3
-20,-65,-5
-34,-65,7
-41,-46,21
-20,-36,22
-14,-36,24
-23,-53,23
-45,-73,21
-45,-62,6
-14,-52,1
-10,-62,21
-17,-63,20
-27,-54,4
-35,-49,2
-41,-51,3
-35,-57,4
-32,-59,6
-31,-62,8
-21,-63,12
-18,-61,16
-22,-62,12
-23,-62,10
-23,-58,7
-20,-61,9
-18,-64,8
-15,-65,7
-13,-60,8
-11,-58,3
-13,-62,1
-15,-57,3
-15,-58,4
-13,-64,6
-13,-67,5
-18,-63,3
-27,-49,4
-28,-46,3
-26,-53,3
-25,-56,-2
-22,-58,1
-20,-62,4
-27,-60,3
-26,-58,4
-26,-62,4
-25,-63,6
-23,-63,5
-19,-57,4
-18,-56,3
-19,-55,3
-20,-61,2
-22,-70,1
-23,-69,1
-23,-56,7
-25,-55,9
-22,-59,9
-21,-61,7
-18,-59,5
-18,-56,7
-20,-58,9
-19,-62,10
-17,-64,11
-17,-61,11
-13,-66,14
-7,-66,20
-10,-66,19
-14,-70,12
-16,-65,9
-19,-58,4
-21,-51,3
-22,-45,5
-19,-50,6
-19,-50,6
-20,-56,3
-21,-54,1
-16,-56,3
-21,-59,2
-15,-55,3
-17,-53,2
-19,-51,2
-19,-50,5
-18,-49,9
-17,-58,12
-15,-62,13
-15,-62,15
-16,-63,17
-16,-77,14
-19,-80,14
-21,-79,11
-21,-78,8
-23,-72,8
-25,-72,7
-25,-69,7
-25,-69,8
-24,-68,9
-24,-65,11
-23,-64,11
-19,-57,12
-15,-53,12
-12,-49,10
-12,-52,7
-16,-64,6
-17,-70,6
-20,-65,5
-20,-51,6
-20,-47,6
-20,-41,8
-19,-42,8
-19,-49,7
-18,-56,5
-17,-71,2
-16,-72,4
-20,-65,8
-19,-60,7
-15,-56,4
-13,-51,5
-13,-50,4
-14,-52,4
-18,-52,5
-19,-44,5
-19,-40,3
-20,-41,6
-19,-45,8
-18,-58,6
-17,-65,4
-15,-68,3
-18,-70,3
-18,-70,4
-20,-73,-1
-20,-71,-2
-21,-67,-2
-21,-63,0
-22,-62,3
-22,-63,6
-22,-70,8
-19,-72,9
-13,-72,8
-13,-72,7
-15,-74,6
-18,-74,3
-18,-74,4
-18,-76,1
-19,-73,0
-25,-66,3
-30,-65,2
-29,-63,2
-32,-59,-3
-24,-62,-3
-19,-58,1
-21,-58,0
-22,-52,-1
-23,-50,-2
-22,-48,-2
-18,-49,-2
-14,-50,-1
-13,-51,0
-11,-52,1
-13,-53,1
-13,-55,-1
-12,-56,-1
-13,-56,0
-12,-58,0
-12,-59,-1
-13,-62,-1
-13,-62,-1
-15,-63,0
-14,-64,1
-16,-65,0
-17,-63,0
-19,-62,0
-20,-62,0
-20,-63,1
-20,-63,2
-20,-63,2
-19,-63,0
-19,-65,-1
-20,-63,-2
-20,-62,-2
-19,-63,-2
-19,-63,-1
-19,-65,1
-18,-65,3
-17,-66,3
-17,-65,2
-11,-65,4
-15,-65,2
-20,-64,1
-27,-53,6
-22,-58,6
-24,-53,5
-10,-59,10
-6,-59,8
-9,-58,9
-14,-57,7
-17,-58,5
-20,-57,2
-25,-59,3
-27,-58,2
-28,-58,1
-28,-58,1
-27,-58,2
-28,-58,2
-27,-58,1
-24,-57,2
-24,-56,2
-24,-57,2
-22,-59,0
-23,-57,0
-24,-57,0
-24,-57,0
-23,-56,0
-26,-57,1
-25,-57,2
-19,-61,3
-16,-66,4
-21,-65,5
-20,-65,6
-22,-60,9
-21,-55,10
-24,-55,8
-21,-56,10
-20,-59,10
-22,-62,8
-22,-62,8
-23,-60,7
-19,-57,7
-18,-56,7
-18,-57,7
-19,-61,4
-19,-63,4
-20,-63,4
-20,-61,6
-19,-60,7
-17,-59,8
-16,-59,9
-16,-60,11
-18,-60,10
-20,-59,10
-21,-59,9
-23,-58,10
-22,-59,8
-22,-60,8
-21,-61,6
-18,-60,7
-19,-60,7
-20,-59,6
-19,-59,6
-19,-58,6
-19,-58,6
-19,-59,7
-20,-60,7
-20,-60,8
-20,-61,7
-22,-60,7
-22,-60,7
-22,-60,2
-22,-60,1
-20,-59,2
-19,-58,3
-16,-59,6
-16,-60,7
-13,-61,12
-13,-62,14
-14,-62,12
-18,-57,8
-19,-61,5
-19,-60,5
-20,-60,5
-19,-60,5
-20,-60,4
-21,-60,3
-21,-60,3
-20,-59,4
-20,-59,4
-20,-60,5
-20,-60,6
-20,-61,7
-19,-61,7
-19,-60,7
-18,-61,7
-18,-61,6
-17,-60,6
-17,-60,6
-17,-60,6
-17,-60,6
-18,-60,7
-19,-60,7
-19,-60,7
-19,-60,7
-19,-60,7
-18,-60,6
-18,-60,6
-17,-60,6
-17,-60,6
-17,-60,7
-18,-60,7
-18,-61,7
-19,-60,7
-19,-60,7
-19,-60,6
-19,-60,6
-18,-60,6
-18,-60,6
-18,-61,7
-18,-60,7
-17,-60,7
-18,-60,7
-18,-60,7
-18,-60,6
-18,-60,7
-19,-60,8
-18,-59,8
-19,-60,8
-19,-59,9
-23,-58,6
-18,-58,8
-20,-59,6
-20,-59,6
-20,-62,5
-19,-58,5
-18,-56,6
-17,-60,6
-17,-65,6
-16,-62,6
-14,-63,7
-12,-61,14
-13,-62,15
-15,-58,12
-17,-55,11
-18,-55,10
-18,-55,10
-20,-55,8
-20,-56,7
-22,-57,6
-20,-59,7
-22,-59,8
-21,-62,10
-24,-67,10
-24,-72,14
-25,-77,18
-24,-82,23
-28,-76,21
-25,-75,13
-23,-74,7
-17,-62,1
-8,-56,2
-6,-61,3
-12,-64,0
-13,-60,-1
-15,-51,-3
-21,-46,-5
-17,-46,1
-15,-44,1
-12,-41,3
-12,-42,3
-12,-45,4
-12,-60,6
-12,-67,6
-17,-75,8
-20,-85,14
-27,-86,32
-31,-76,25
-35,-58,-3
-15,-72,-3
-22,-72,1
-10,-75,4
-13,-57,10
-15,-42,15
-17,-38,11
-17,-35,3
-18,-37,3
-11,-41,5
-10,-46,6
-10,-61,9
-14,-68,8
-23,-79,10
-23,-85,13
-28,-107,18
-33,-92,10
-31,-69,6
-12,-57,0
-13,-57,0
-10,-68,1
-7,-68,1
-13,-50,-1
-12,-46,0
-15,-42,4
-18,-41,2
-21,-41,-1
-19,-42,0
-14,-46,1
-6,-57,1
-4,-65,1
-4,-76,2
-9,-82,0
-20,-86,5
-27,-75,11
-35,-50,20
-35,-56,16
-34,-70,3
-10,-90,3
-3,-64,11
-6,-51,22
-8,-45,20
-16,-38,8
-20,-38,3
-18,-39,2
-13,-43,3
-10,-55,5
-11,-64,6
-20,-77,7
-22,-79,11
-28,-95,20
-32,-97,24
-36,-81,20
-21,-59,-4
-12,-70,-7
-8,-70,-3
-7,-73,-1
-2,-55,8
-8,-46,9
-14,-38,9
-15,-37,6
-22,-39,2
-15,-40,4
-12,-44,1
-4,-59,1
-1,-68,2
-4,-74,2
-11,-81,2
-26,-87,9
-32,-67,16
-38,-49,15
-33,-66,11
-24,-89,3
-4,-78,5
-1,-58,15
-1,-50,23
-4,-43,20
-16,-37,8
-20,-35,5
-17,-38,4
-13,-42,5
-12,-57,8
-12,-67,7
-22,-80,7
-23,-86,11
-35,-110,19
-40,-88,13
-34,-59,7
-12,-55,2
-6,-62,4
-7,-81,3
-6,-73,3
-7,-48,4
-6,-43,5
-18,-23,-5
-20,-41,3
-28,-35,-5
-16,-39,-2
-13,-43,-1
-5,-62,4
-5,-69,5
-11,-73,3
-14,-79,2
-24,-81,11
-30,-68,20
-33,-64,15
-30,-76,5
-23,-79,4
-7,-73,9
-7,-59,14
-8,-50,17
-10,-42,15
-15,-37,9
-15,-37,7
-14,-38,4
-11,-46,6
-14,-62,5
-15,-71,5
-24,-79,8
-24,-71,16
-30,-78,20
-28,-86,20
-29,-82,16
-22,-72,1
-19,-78,-1
-8,-82,-1
-4,-77,2
-4,-49,10
-6,-43,12
-21,-24,-2
-22,-34,1
-22,-35,-2
-16,-39,-1
-15,-44,2
-8,-58,3
-6,-66,4
-11,-70,1
-13,-71,2
-22,-74,8
-25,-64,16
-29,-51,17
-29,-69,12
-26,-86,12
-12,-81,16
-10,-65,21
-7,-51,25
-13,-44,21
-16,-41,12
-16,-41,8
-14,-43,7
-14,-47,7
-17,-60,6
-19,-67,6
-24,-77,9
-25,-72,14
-26,-84,15
-27,-88,15
-30,-78,13
-26,-61,6
-21,-75,3
-11,-83,1
-5,-83,2
-2,-54,8
-5,-47,11
-14,-37,13
-15,-37,5
-20,-34,-1
-17,-40,-1
-11,-42,1
-9,-55,3
-9,-65,2
-12,-72,0
-16,-69,1
-24,-76,9
-25,-69,15
-28,-55,21
-27,-72,10
-19,-82,9
-18,-77,9
-12,-70,14
-14,-53,19
-12,-51,17
-16,-46,7
-17,-43,2
-14,-44,5
-13,-44,7
-15,-50,9
-17,-57,9
-21,-74,7
-25,-78,10
-25,-78,13
-32,-83,21
-29,-86,23
-29,-61,10
-23,-65,3
-13,-71,0
-10,-78,1
-4,-72,4
-5,-60,7
-11,-46,8
-19,-38,8
-21,-39,5
-21,-43,-2
-19,-45,-1
-13,-54,3
-9,-60,4
-7,-68,4
-8,-68,5
-17,-67,8
-21,-63,10
-24,-58,13
-24,-56,17
-24,-61,18
-18,-70,16
-14,-75,15
-8,-70,18
-11,-60,19
-11,-50,20
-13,-48,17
-17,-51,12
-18,-52,10
-16,-50,7
-17,-58,8
-18,-61,9
-21,-59,11
-21,-58,11
-21,-70,8
-22,-77,8
-27,-85,11
-30,-69,12
-25,-58,6
-16,-69,4
-13,-85,0
-9,-70,9
-5,-65,1
-10,-52,6
-12,-54,21
-13,-55,0
-12,-60,-3
-8,-64,0
-6,-64,1
-2,-65,0
-1,-68,-2
-7,-67,-5
-11,-64,-4
-21,-64,-3
-25,-58,-1
-25,-54,0
-24,-50,4
-23,-51,4
-24,-60,4
-25,-62,3
-21,-60,2
-20,-61,2
-24,-62,6
-25,-63,8
-24,-61,8
-25,-62,9
-24,-63,9
-20,-61,11
-19,-60,12
-11,-59,18
-7,-59,20
-6,-60,24
-10,-63,24
-17,-71,20
-22,-75,13
-21,-73,9
-20,-64,9
-19,-62,8
-23,-61,1
-23,-64,-1
-25,-62,2
-21,-57,3
-18,-54,2
-19,-54,4
-19,-56,2
-19,-53,2
-17,-47,2
-15,-44,3
-11,-44,6
-15,-49,7
-17,-54,6
-22,-66,9
-24,-71,10
-26,-79,10
-23,-86,14
-18,-87,19
-42,-65,8
-22,-55,7
-17,-69,4
-26,-68,-1
-22,-70,-1
-16,-64,4
-15,-49,10
-15,-44,10
-14,-42,11
-12,-41,11
-9,-42,12
-8,-46,12
-11,-58,13
-13,-66,12
-17,-77,8
-21,-84,9
-24,-89,11
-28,-88,14
-30,-80,12
-31,-56,9
-25,-57,3
-18,-67,0
-14,-74,-1
-7,-72,-2
-7,-61,1
-8,-49,5
-9,-45,-6
-16,-38,2
-19,-35,1
-15,-39,1
-8,-41,4
-5,-47,5
-6,-66,8
-10,-75,8
-19,-78,6
-24,-87,8
-23,-78,22
-34,-57,11
-23,-64,7
-19,-65,5
-15,-72,6
-12,-70,7
-13,-58,9
-13,-44,11
-14,-42,10
-15,-40,7
-14,-40,9
-15,-45,11
-17,-50,10
-17,-57,9
-18,-66,7
-18,-75,7
-22,-81,10
-24,-91,10
-31,-96,13
-31,-90,14
-30,-52,12
-21,-55,8
-11,-72,5
-7,-78,0
-6,-66,2
-8,-45,5
-6,-42,10
-19,-35,10
-13,-41,5
-21,-38,-2
-19,-41,-2
-13,-49,3
-11,-56,4
-9,-68,5
-15,-74,5
-18,-80,7
-22,-79,19
-32,-71,24
-31,-51,14
-24,-56,3
-19,-77,4
-16,-82,9
-8,-68,16
-11,-54,19
-12,-41,17
-19,-33,7
-19,-35,4
-15,-38,5
-13,-44,6
-15,-60,6
-18,-66,6
-23,-71,7
-25,-77,9
-27,-81,15
-26,-91,18
-25,-85,18
-27,-61,21
-26,-54,14
-19,-68,-1
-17,-73,-1
-8,-75,2
-8,-66,4
-9,-46,10
-8,-43,13
-23,-32,5
-17,-41,3
-23,-38,-2
-15,-45,1
-12,-48,3
-9,-59,6
-9,-65,7
-14,-72,6
-16,-79,4
-21,-83,13
-30,-74,21
-30,-55,21
-28,-59,11
-22,-74,3
-10,-81,4
-10,-69,9
-6,-58,15
-9,-47,18
-17,-39,9
-22,-36,8
-19,-36,4
-15,-38,5
-15,-54,6
-16,-63,5
-21,-74,4
-24,-81,11
-25,-80,12
-30,-86,16
-29,-83,18
-27,-58,20
-27,-51,13
-24,-71,-1
-20,-76,-3
-8,-80,0
-5,-67,5
-5,-47,14
-9,-41,13
-20,-38,-3
-22,-37,0
-25,-34,-2
-11,-45,2
-7,-47,2
-5,-61,4
-7,-66,4
-13,-70,3
-18,-80,2
-24,-76,8
-31,-55,17
-30,-59,16
-28,-68,16
-22,-82,12
-7,-73,13
0,-63,15
-5,-52,17
-9,-45,15
-16,-38,9
-20,-36,5
-18,-40,6
-16,-52,7
-17,-61,6
-18,-68,4
-20,-80,5
-23,-82,9
-28,-90,13
-29,-88,18
-30,-73,20
-26,-54,15
-24,-65,9
-16,-77,2
-8,-77,0
-2,-67,4
0,-56,7
-2,-47,17
-9,-44,15
-18,-42,3
-22,-36,-3
-18,-39,-2
-8,-47,1
-7,-55,2
-9,-63,0
-16,-71,1
-19,-79,3
-21,-76,5
-27,-62,15
-31,-54,19
-34,-69,18
-22,-91,15
-18,-88,15
2,-68,20
-4,-55,19
-12,-48,16
-15,-40,8
-15,-40,7
-16,-39,7
-16,-43,6
-17,-47,6
-20,-59,5
-24,-72,3
-24,-76,4
-25,-77,9
-30,-85,11
-30,-85,15
-35,-56,16
-29,-57,12
-22,-69,5
-12,-81,-1
-6,-87,-1
0,-69,6
-2,-49,14
-3,-46,16
-12,-42,7
-19,-36,3
-22,-41,-3
-13,-46,0
-9,-52,1
-5,-59,3
-6,-68,2
-9,-68,2
-18,-76,4
-24,-69,9
-27,-64,14
-25,-58,17
-22,-64,17
-9,-78,15
-6,-70,14
-7,-62,14
-9,-58,14
-15,-49,11
-18,-48,8
-22,-40,1
-20,-47,4
-17,-47,7
-19,-56,8
-19,-61,7
-22,-72,7
-24,-74,7
-23,-86,8
-29,-87,8
-27,-74,10
-26,-66,12
-29,-65,9
-30,-78,7
-22,-91,1
-4,-83,2
3,-73,4
-2,-48,-6
3,-54,13
-10,-43,7
-7,-47,8
-15,-53,1
-10,-54,2
-7,-57,3
-3,-56,5
-5,-56,6
-10,-57,6
-16,-54,6
-19,-59,6
-22,-61,6
-23,-63,4
-27,-64,4
-31,-64,4
-31,-62,5
-34,-65,4
-35,-64,5
-36,-59,6
-32,-59,9
-31,-59,12
-28,-60,17
-26,-64,20
-22,-65,18
-22,-65,18
-19,-64,16
-17,-64,16
-15,-62,16
-14,-61,15
-12,-53,13
-14,-49,11
-15,-50,10
-18,-54,8
-20,-58,6
-23,-61,5
-24,-63,4
-27,-56,7
-25,-54,9
-24,-58,10
-22,-63,9
-22,-64,4
-20,-63,3
-18,-65,3
-17,-64,4
-17,-62,4
-18,-59,2
-17,-57,2
-16,-56,2
-17,-56,1
-18,-58,1
-18,-58,2
-17,-60,2
-16,-61,4
-18,-60,5
-19,-59,7
-21,-57,8
-23,-52,12
-21,-53,11
-21,-59,13
-24,-63,9
-21,-68,10
-21,-65,14
-16,-67,16
-22,-62,14
-21,-61,12
-18,-60,12
-16,-59,12
-17,-59,12
-17,-59,11
-17,-60,12
-16,-61,12
-15,-62,13
-14,-62,13
-14,-61,12
-14,-61,12
-15,-60,11
-15,-60,11
-15,-59,12
-15,-58,13
-16,-58,13
-17,-58,13
-17,-58,12
-17,-59,11
-18,-60,11
-18,-60,10
-18,-60,10
-18,-61,9
-17,-61,10
-17,-61,11
-15,-62,12
-15,-61,13
-14,-61,13
-14,-61,13
-12,-61,13
-12,-60,13
-12,-61,13
-12,-61,12
-12,-61,12
-13,-61,12
-14,-60,11
-15,-59,10
-15,-58,10
-15,-59,9
-14,-59,10
-14,-59,10
-14,-59,10
-15,-59,11
-15,-59,11
-16,-59,11
-16,-59,11
-17,-59,11
-17,-59,11
-17,-59,11
-17,-58,11
-17,-58,11
-18,-59,10
-18,-59,10
-19,-61,10
-20,-61,11
-21,-62,11
-21,-62,11
-21,-61,10
-19,-61,9
-19,-61,9
-17,-61,8
-16,-61,8
-15,-62,8
-15,-62,8
-14,-62,9
-14,-62,9
-13,-62,9
-13,-62,9
-14,-61,9
-17,-61,9
-17,-60,9
-17,-60,8
-17,-60,8
-17,-60,9
-17,-60,8
-17,-60,9
-17,-60,8
-16,-61,9
-16,-61,9
-15,-61,9
-15,-60,9
-16,-60,9
-17,-61,9
-19,-61,9
-24,-62,10
-27,-64,11
-29,-62,12
-30,-61,13
-31,-58,11
-30,-59,12
-32,-55,13
-32,-56,12
-30,-56,12
-31,-56,11
-31,-55,12
-33,-55,12
-34,-56,12
-35,-55,13
-36,-55,14
-39,-53,13
-39,-51,13
-39,-48,16
-39,-46,16
-43,-44,17
-42,-43,19
-43,-43,20
-43,-42,21
-43,-41,21
-43,-38,22
-43,-36,22
-43,-32,23
-43,-31,23
-46,-27,23
-49,-26,22
-50,-25,23
-50,-24,23
-50,-24,24
-50,-23,24
-51,-23,24
-51,-23,25
-52,-24,26
-54,-24,25
-54,-25,25
-53,-25,24
-53,-25,24
-54,-25,24
-54,-25,23
-54,-24,23
-54,-24,23
-54,-23,23
-54,-23,23
-55,-23,23
-54,-22,23
-55,-23,23
-55,-24,23
-55,-24,23
-54,-25,24
-54,-25,24
-54,-25,24
-54,-24,24
-55,-24,24
-58,-25,23
-57,-23,24
-56,-23,24
-56,-22,24
-55,-21,24
-55,-22,24
-55,-21,24
-55,-21,24
-54,-19,25
-56,-20,24
-56,-19,24
-57,-19,25
-57,-18,26
-57,-17,26
-57,-16,25
-59,-15,25
-58,-14,25
-59,-14,24
-59,-12,25
-62,-11,26
-61,-9,25
-62,-8,25
-62,-5,26
-62,-4,26
-60,-1,25
-58,-1,26
-56,0,26
-57,1,26
-55,3,27
-54,2,27
-52,4,27
-53,4,27
-53,5,28
-54,8,27
-56,7,26
-56,10,26
-55,11,26
-54,12,26
-54,12,26
-55,12,26
-56,13,26
-58,10,25
-56,12,26
-55,12,26
-55,12,27
-56,13,26
-57,13,25
-56,13,26
-55,14,26
-54,13,26
-58,12,25
-59,13,24
-59,12,24
-55,12,26
-55,12,27
-60,13,21
-60,15,19
-58,13,20
-58,14,21
-59,14,23
-59,13,22
-59,11,21
-56,7,22
-58,8,26
-63,9,26
-60,10,22
-52,7,28
-47,-3,33
-68,10,23
-67,6,25
-43,13,49
-58,21,30
-61,10,2
-55,14,6
-59,15,-9
-71,16,-14
-60,14,0
-61,17,5
-61,15,5
-66,17,9
-58,18,19
-53,17,10
-57,17,6
-58,20,4
-58,20,7
-59,24,9
-62,26,10
-63,30,10
-63,28,8
-61,24,9
-60,23,11
-60,23,11
-54,21,10
-53,19,6
-59,21,1
-54,21,4
-52,22,9
-55,22,10
-59,25,11
-59,25,11
-61,25,12
-61,25,9
-59,25,9
-58,26,8
-58,26,8
-57,25,9
-57,25,10
-57,25,10
-57,25,10
-58,25,11
-57,26,10
-59,26,9
-58,26,10
-58,26,10
-59,25,11
-58,25,10
-58,25,10
-58,25,10
-60,25,11
-59,24,12
-57,24,14
-58,24,13
-57,24,14
-56,25,14
-56,25,13
-58,25,13
-58,25,13
-58,25,13
-58,25,13
-59,25,14
-59,25,15
-58,26,15
-58,25,15
-57,25,14
-54,25,14
-54,24,15
-58,24,13
-52,24,16
-58,26,10
-55,27,12
-55,26,8
-57,27,7
-57,27,9
-57,26,8
-54,26,9
-57,24,9
-56,23,9
-57,23,8
-57,23,8
-58,21,7
-58,21,6
-59,20,7
-60,19,7
-61,19,10
-65,19,9
-67,21,7
-66,20,4
-65,19,5
-65,15,5
-63,14,7
-64,13,9
-63,12,8
-62,12,8
-63,12,8
-64,12,8
-63,12,11
-65,15,11
-65,16,11
-64,18,12
-60,18,10
-61,17,9
-63,17,5
-62,16,6
-61,14,10
-61,14,10
-60,16,11
-60,17,10
-61,19,10
-62,20,10
-62,20,14
-58,20,8
-55,22,8
-57,23,6
-56,24,5
-56,26,2
-55,27,2
-58,27,2
-57,27,2
-58,27,2
-57,27,3
-57,27,3
-60,27,4
-60,26,3
-59,27,2
-60,27,2
-59,27,2
-60,26,2
-60,25,4
-60,25,4
-62,24,4
-61,24,4
-62,24,5
-59,26,7
-59,27,6
-58,28,2
-56,28,2
-56,28,3
-54,28,4
-56,29,3
-55,28,5
-60,28,5
-59,29,5
-56,28,4
-57,28,6
-54,28,7
-57,27,8
-58,26,9
-60,26,7
-57,25,9
-57,23,11
-56,22,11
-54,22,15
-56,23,16
-62,23,20
-60,21,22
-58,22,21
-56,27,23
-54,28,23
-51,30,18
-50,30,17
-49,28,20
-50,29,22
-52,32,23
-52,33,23
-51,35,22
-50,35,24
-47,31,26
-52,35,24
-48,39,26
-62,38,29
-67,42,24
-60,39,24
-63,40,22
-61,32,14
-52,24,9
-46,23,12
-48,27,13
-50,27,15
-56,25,10
-49,24,9
-46,25,10
-47,27,11
-43,27,16
-44,26,19
-43,29,18
-42,29,15
-62,34,15
-59,35,22
-64,37,22
-73,40,21
-78,44,24
-72,32,19
-70,23,14
-57,19,9
-49,18,12
-56,18,17
-53,20,18
-47,23,15
-47,28,8
-42,27,9
-33,26,13
-37,23,15
-36,26,19
-36,27,20
-55,36,21
-56,40,23
-65,48,20
-76,51,17
-81,55,23
-83,39,7
-75,28,1
-55,20,2
-57,28,9
-56,26,6
-67,24,1
-43,19,3
-44,21,4
-43,22,13
-43,25,15
-34,25,14
-40,26,16
-42,27,14
-44,27,10
-56,35,13
-57,37,24
-66,42,27
-94,50,24
-88,45,17
-70,29,3
-54,16,1
-50,17,7
-46,15,17
-53,14,20
-52,15,21
-58,17,9
-48,22,12
-38,24,17
-38,27,17
-37,25,16
-36,27,15
-39,28,15
-60,37,20
-72,43,22
-76,45,23
-78,50,25
-85,47,20
-77,32,1
-57,20,0
-51,25,7
-50,25,10
-64,24,9
-58,22,8
-38,21,6
-42,23,11
-43,25,14
-39,27,15
-37,26,18
-42,28,16
-47,28,15
-60,37,15
-62,39,22
-69,43,29
-74,45,27
-81,41,16
-58,28,1
-52,23,5
-59,21,8
-60,17,19
-59,16,20
-56,18,12
-44,20,10
-42,23,6
-28,24,14
-30,23,17
-35,27,16
-48,29,22
-58,33,25
-63,38,28
-72,44,26
-79,46,26
-76,53,29
-66,37,21
-71,35,11
-54,22,6
-52,24,8
-54,25,12
-50,24,14
-52,18,11
-48,20,8
-40,23,6
-33,20,13
-39,26,19
-35,24,21
-45,29,20
-52,35,12
-52,36,16
-58,39,24
-71,43,24
-75,48,26
-80,44,25
-71,29,15
-55,28,9
-59,24,10
-55,20,21
-50,12,24
-58,18,11
-47,22,12
-32,25,10
-32,23,19
-35,28,18
-39,27,16
-47,29,17
-56,32,18
-58,41,21
-64,45,22
-72,47,23
-80,54,28
-82,49,22
-73,30,7
-46,24,4
-50,28,2
-53,30,4
-60,26,11
-56,23,10
-42,20,6
-43,22,5
-39,27,14
-33,25,21
-38,29,21
-39,32,17
-41,30,15
-59,42,12
-61,45,18
-68,48,24
-77,52,23
-74,45,12
-67,36,6
-55,24,3
-57,22,18
-57,19,22
-55,12,15
-54,12,12
-45,21,13
-41,25,12
-43,31,14
-36,33,14
-37,27,19
-48,30,18
-51,33,22
-66,40,19
-68,44,20
-66,47,23
-75,53,23
-82,47,17
-79,38,6
-49,27,6
-54,27,5
-51,27,12
-61,23,9
-50,19,2
-32,21,6
-37,23,6
-43,28,15
-38,26,20
-37,28,22
-42,29,17
-52,31,12
-63,39,12
-63,41,19
-67,42,23
-85,48,24
-63,25,12
-55,28,10
-62,22,16
-65,19,17
-57,20,13
-48,22,13
-52,30,8
-43,31,7
-35,28,11
-39,29,11
-38,27,11
-41,25,12
-53,35,14
-50,36,23
-56,38,20
-72,45,18
-73,47,18
-75,49,21
-71,46,17
-65,31,1
-58,30,1
-57,31,4
-53,28,7
-54,27,9
-48,21,2
-44,23,2
-34,23,10
-31,23,17
-37,29,19
-40,28,16
-49,31,13
-51,32,12
-47,38,17
-56,38,19
-78,43,19
-77,41,23
-71,37,20
-55,28,10
-61,21,5
-58,19,11
-55,16,14
-57,17,16
-59,21,16
-50,25,13
-46,28,12
-40,31,14
-38,31,16
-40,32,13
-47,33,16
-54,37,18
-55,40,20
-53,41,21
-67,48,14
-69,56,15
-65,51,21
-69,46,11
-52,27,5
-53,30,6
-55,33,7
-48,31,9
-48,29,8
-56,23,-3
-51,25,-2
-37,21,16
-51,26,15
-48,29,12
-50,27,11
-57,32,8
-54,33,8
-57,33,11
-73,39,12
-74,37,17
-69,22,17
-63,24,13
-48,31,8
-53,33,9
-59,31,12
-57,31,9
-49,31,4
-52,35,4
-52,36,10
-47,33,18
-42,35,17
-45,34,1
-53,35,1
-60,38,4
-58,38,5
-60,40,-4
-64,39,-10
-63,35,-13
-59,28,-11
-61,25,-6
-64,23,-4
-72,24,-6
-68,25,-6
-61,24,-6
-59,27,-6
-58,28,-4
-52,31,-3
-48,30,1
-54,37,3
-54,37,4
-60,36,8
-52,37,8
-51,38,5
-59,39,5
-60,37,5
-51,25,7
-51,24,8
-53,23,11
-60,23,12
-59,25,15
-56,23,18
-53,23,20
-57,30,23
-57,30,28
-57,28,26
-58,28,22
-49,23,20
-50,22,21
-45,27,21
-44,28,21
-46,33,21
-47,35,20
-47,36,20
-48,36,22
-48,40,21
-55,44,21
-59,47,19
-66,51,21
-71,50,19
-80,35,1
-57,28,2
-46,32,5
-46,31,8
-57,32,2
-50,23,0
-37,23,5
-42,29,12
-42,31,15
-50,35,13
-51,34,12
-48,32,12
-49,29,10
-59,34,14
-61,33,18
-61,40,24
-64,43,27
-67,39,19
-72,35,8
-73,26,4
-56,17,9
-53,15,18
-50,18,19
-46,20,20
-55,28,14
-52,31,13
-39,31,15
-35,30,15
-33,31,14
-31,34,20
-37,35,24
-43,42,24
-53,44,21
-69,54,20
-69,59,22
-72,60,21
-72,55,20
-61,38,4
-48,36,2
-50,35,6
-49,27,14
-52,27,10
-37,21,8
-34,19,9
-44,26,12
-43,30,16
-39,31,19
-43,32,17
-49,30,13
-48,32,13
-51,37,22
-59,39,26
-59,44,32
-75,49,24
-66,44,20
-69,38,9
-60,27,9
-55,22,15
-53,18,18
-47,15,24
-52,18,23
-52,23,14
-42,25,14
-36,30,15
-37,32,17
-39,33,18
-45,35,17
-49,38,19
-59,40,23
-60,43,21
-68,47,17
-62,51,23
-60,52,31
-66,50,28
-69,38,9
-39,28,7
-40,34,6
-43,30,16
-43,32,16
-40,26,8
-37,23,6
-46,28,8
-43,29,14
-45,32,20
-45,32,20
-46,31,17
-48,30,19
-54,34,18
-55,35,31
-70,45,28
-72,42,26
-74,41,18
-63,26,8
-47,20,9
-54,25,15
-49,21,21
-50,19,23
-45,20,17
-48,22,18
-49,32,18
-41,31,19
-36,30,18
-42,32,16
-48,40,15
-43,41,20
-50,40,28
-62,42,23
-71,44,20
-68,47,30
-77,49,32
-68,37,14
-56,32,7
-47,34,4
-49,35,6
-49,28,17
-50,27,16
-33,24,5
-30,23,6
-40,29,14
-37,29,22
-43,30,22
-45,28,19
-44,31,18
-48,35,20
-52,40,23
-56,42,25
-65,46,23
-76,47,16
-74,45,13
-57,27,6
-53,23,4
-57,28,9
-46,20,21
-50,21,19
-53,24,12
-55,27,9
-41,31,14
-37,31,13
-36,31,10
-40,31,9
-41,35,14
-38,38,19
-51,41,27
-65,50,22
-64,51,20
-70,57,20
-71,52,19
-78,46,2
-71,40,-3
-48,28,-2
-42,27,0
-48,28,5
-52,28,8
-46,27,8
-41,27,8
-46,29,9
-43,34,17
-38,34,17
-37,33,11
-35,33,12
-45,32,12
-51,36,18
-56,43,23
-65,46,24
-81,54,27
-80,49,24
-62,34,6
-52,24,3
-54,26,8
-52,20,19
-64,27,17
-55,27,13
-50,29,10
-38,31,8
-34,31,10
-32,30,10
-35,30,14
-41,32,19
-42,36,24
-56,36,23
-72,46,16
-64,51,15
-64,57,20
-69,56,19
-73,37,13
-68,31,6
-45,23,5
-48,26,8
-54,27,10
-58,28,5
-57,27,6
-44,26,13
-40,25,16
-41,29,15
-37,30,13
-39,30,11
-44,33,8
-43,34,11
-47,38,13
-60,44,21
-75,51,24
-81,53,26
-80,40,14
-75,29,2
-64,13,0
-57,18,5
-53,18,10
-50,17,11
-59,23,12
-55,27,13
-40,28,12
-43,36,7
-39,33,7
-38,25,14
-42,26,12
-41,32,18
-43,36,23
-65,44,23
-70,44,20
-68,49,22
-74,50,21
-77,43,11
-72,36,3
-47,23,5
-61,31,3
-60,30,5
-60,25,2
-55,23,0
-46,23,1
-40,21,6
-45,25,15
-41,26,18
-45,28,14
-48,29,15
-57,32,7
-57,33,10
-64,35,8
-60,35,17
-63,39,24
-66,35,19
-70,40,12
-61,25,4
-62,25,4
-60,20,12
-56,18,16
-58,20,15
-50,23,12
-41,22,15
-38,29,15
-36,32,14
-43,32,13
-46,33,14
-45,36,17
-46,38,20
-64,41,18
-71,43,15
-65,49,22
-73,46,21
-73,40,16
-56,29,5
-52,27,6
-60,29,8
-60,25,8
-58,20,3
-52,17,2
-45,20,8
-41,19,13
-43,23,20
-47,27,18
-45,28,15
-55,27,8
-58,32,7
-51,33,16
-59,38,18
-61,37,19
-63,40,18
-63,36,15
-61,37,16
-65,38,10
-57,23,4
-56,22,4
-47,21,13
-46,19,18
-64,18,21
-75,19,19
-59,22,19
-58,25,17
-50,30,13
-47,30,12
-43,29,11
-50,29,14
-54,30,18
-58,31,19
-56,32,17
-54,36,13
-53,38,13
-47,38,13
-47,37,11
-59,35,8
-65,34,5
-79,30,6
-72,23,10
-68,22,10
-53,21,8
-52,22,6
-57,21,4
-58,20,5
-59,18,4
-58,20,7
-60,24,5
-56,27,3
-55,30,1
-57,28,-1
-57,27,-1
-60,26,3
-61,26,5
-65,28,5
-64,27,3
-59,29,-1
-57,30,-2
-57,32,0
-56,33,1
-60,32,4
-61,29,5
-57,28,5
-50,29,3
-49,29,2
-48,29,2
-48,27,3
-55,24,6
-59,23,9
-63,21,12
-64,21,11
-62,24,10
-65,25,10
-64,25,8
-64,25,9
-62,22,12
-66,23,11
-73,21,16
-59,20,19
-55,22,17
-59,21,11
-58,24,11
-56,27,11
-66,18,11
-81,22,3
-49,15,2
-56,19,4
-53,23,7
-51,23,6
-58,22,8
-67,23,11
-66,23,9
-56,25,8
-71,21,-2
-44,31,8
-51,27,3
-67,20,0
-61,10,5
-33,38,24
-83,37,9
-45,-7,9
-54,32,16
-60,37,6
-64,31,3
-48,24,14
-79,20,7
-57,20,9
-61,32,13
-63,40,17
-73,23,0
-63,35,10
-32,20,19
-33,20,18
-62,23,7
-62,23,11
-62,30,0
-57,28,11
-43,28,17
-55,29,13
-60,28,7
-61,31,12
-57,21,5
-65,33,11
-46,20,5
-49,24,17
-61,26,3
-64,33,-15
-53,40,-2
-55,51,9
-61,19,7
-67,25,-6
-45,25,3
-49,25,7
-55,24,7
-50,21,4
-63,25,1
-58,22,5
-56,17,10
-65,22,7
-61,23,13
-44,22,17
-61,24,4
-78,32,-7
-60,21,7
-63,26,11
-62,22,2
-59,22,7
-53,27,8
-64,24,4
-58,24,5
-56,22,9
-58,23,6
-57,24,11
-61,23,6
-59,22,7
-54,20,16
-59,20,10
-58,24,10
-64,25,7
-58,20,14
-55,20,16
-61,22,13
-64,19,9
-62,22,13
-62,21,13
-52,20,18
-51,17,17
-53,23,17
-64,18,12
-63,17,13
-61,19,19
-56,13,21
-56,7,18
-64,22,19
-62,18,16
-61,19,15
-60,19,15
-53,12,22
-52,12,26
-65,13,19
-71,13,13
-60,16,15
-59,14,9
-60,22,13
-57,20,14
-58,19,10
-56,20,12
-50,16,18
-61,18,11
-71,21,9
-66,20,7
-69,21,8
-54,19,9
-64,19,9
-63,21,9
-65,19,7
-50,18,20
-57,19,17
-58,17,15
-57,17,14
-57,19,17
-59,16,17
-59,18,17
-59,18,17
-59,16,17
-59,17,16
-59,18,16
-62,20,13
-62,20,11
-60,19,12
-60,18,11
-60,18,11
-59,18,12
-61,18,12
-61,18,12
-60,18,12
-60,18,11
-60,19,11
-60,19,12
-61,18,12
-61,19,11
-61,18,11
-60,19,11
-60,18,11
-60,18,11
-61,17,12
-61,17,12
-60,19,10
-60,19,10
-61,19,10
-61,18,10
-61,19,10
-60,19,10
-60,17,11
-60,18,11
-60,18,11
-60,18,11
-60,18,10
-60,18,10
-60,18,10
-61,18,10
-61,18,10
-61,18,10
-60,18,10
-60,18,10
-60,18,9
-61,19,9
-62,18,9
-61,18,9
-60,18,10
-60,18,10
-60,17,10
-60,18,10
-60,18,9
-60,18,10
-61,18,9
-61,19,9
-60,18,9
-61,18,9
-61,19,9
-60,19,9
-61,18,9
-61,18,9
-60,19,9
-60,18,9
-60,18,9
-61,18,9
-61,18,9
-61,18,9
-61,19,8
-61,19,8
-61,18,8
-60,19,9
-60,19,9
-61,18,9
-61,19,8
-61,18,9
-61,19,8
-61,19,8
-61,19,8
-60,19,8
-61,19,8
-61,19,9
-61,18,9
-61,19,8
-61,19,8
-61,19,7
-61,19,7
-61,19,7
-60,19,8
-60,19,8
-61,19,8
-61,19,8
-61,19,8
-61,18,9
-60,19,8
-60,19,8
-60,19,8
-61,19,8
-61,20,8
-62,19,8
-62,19,7
-61,19,8
-59,18,8
-59,19,8
-60,19,9
-61,20,9
-59,20,8
-62,21,7
-59,19,8
-56,18,10
-57,18,9
-61,21,11
-62,20,9
-63,21,8
-61,20,8
-60,19,9
-59,18,10
-60,19,9
-61,20,9
-61,20,8
-61,20,9
-60,19,9
-60,19,9
-60,19,9
-60,18,8
-61,19,8
-61,19,9
-61,19,8
-61,19,8
-60,19,8
-60,19,8
-60,19,8
-60,19,9
-61,20,8
-61,20,8
-61,20,7
-60,20,7
-60,20,7
-60,20,7
-60,20,7
-61,20,7
-61,20,7
-60,20,6
-60,20,6
-61,20,7
-61,20,7
-61,20,7
-61,20,6
-61,20,6
-60,20,6
-60,20,7
-61,20,6
-61,20,6
-61,20,5
-60,20,5
-60,20,6
-60,20,6
-60,20,6
-61,20,5
-61,20,5
-60,20,5
-60,20,5
-61,20,5
-61,20,5
-62,20,5
-61,20,5
-61,20,5
-61,20,5
-61,20,5
-60,20,5
-61,20,4
-60,20,4
-60,20,4
-61,21,4
-61,20,4
-61,20,4
-60,20,4
-60,21,3
-60,21,4
-61,20,4
-61,20,4
-61,20,4
-61,20,3
-61,20,4
-60,20,4
-60,20,4
-60,20,4
-61,20,4
-61,20,4
-62,21,4
-61,21,4
-61,20,3
-61,20,2
-59,17,4
-58,16,4
-58,16,4
-58,16,7
-62,20,5
-66,19,3
-69,20,0
-67,20,-2
-60,22,-3
-57,22,0
-56,20,4
-57,15,5
-58,13,6
-58,12,8
-59,12,7
-60,17,7
-62,16,6
