1481396399.000000, 1481396399.000000, 1481396399.000000
32.000000, 32.000000, 32.000000
-21,-81,4
-23,-86,5
-28,-71,7
-29,-60,5
-24,-64,-1
-22,-76,-6
-18,-75,-7
-14,-76,-5
-11,-61,1
-16,-49,1
-19,-44,0
-25,-42,-3
-24,-41,-3
-19,-39,-3
-15,-40,-4
-13,-48,-2
-15,-59,0
-15,-62,2
-17,-67,0
-24,-75,5
-31,-66,9
-34,-67,6
-27,-72,12
-30,-81,6
-27,-78,7
-30,-68,3
-18,-51,5
-17,-43,2
-15,-40,3
-18,-39,2
-17,-39,2
-18,-45,-2
-20,-51,-3
-23,-67,0
-21,-74,1
-22,-94,3
-26,-103,7
-33,-82,11
-22,-59,9
-16,-62,5
-15,-69,0
-17,-76,-8
-13,-72,-10
-8,-57,-6
-14,-47,-1
-18,-43,-1
-25,-37,-6
-27,-37,-4
-20,-38,-1
-16,-39,0
-13,-44,0
-14,-50,0
-19,-65,1
-20,-72,1
-27,-84,8
-33,-65,18
-28,-63,17
-23,-79,5
-20,-82,-2
-8,-78,2
-21,-65,-2
-11,-52,8
-16,-46,5
-18,-37,-1
-21,-37,-1
-21,-38,0
-20,-40,2
-18,-52,-1
-19,-66,-3
-20,-73,-2
-23,-85,1
-25,-95,5
-34,-87,13
-36,-72,13
-17,-66,2
-14,-75,-2
-17,-82,-5
-14,-77,-7
-11,-55,-6
-8,-44,3
-14,-40,3
-24,-35,-2
-29,-36,-5
-25,-39,-3
-19,-39,-1
-13,-49,3
-13,-55,3
-13,-64,2
-16,-72,0
-30,-80,4
-36,-71,11
-31,-60,12
-22,-78,2
-16,-82,-2
-11,-71,0
-12,-62,2
-15,-50,10
-17,-45,9
-20,-37,3
-20,-37,0
-20,-40,0
-18,-46,2
-18,-63,0
-19,-74,1
-23,-81,3
-29,-95,11
-33,-96,15
-39,-79,8
-34,-61,4
-19,-64,-3
-17,-72,-2
-9,-75,1
-11,-71,-2
-11,-50,-6
-19,-39,-4
-27,-37,-6
-28,-35,-6
-25,-35,-3
-15,-40,2
-11,-41,2
-12,-53,0
-12,-60,-1
-15,-74,-3
-21,-84,-1
-35,-75,13
-38,-62,19
-32,-68,12
-17,-78,0
-7,-81,-3
-4,-67,1
-7,-59,7
-16,-48,11
-18,-44,8
-22,-39,1
-26,-40,-2
-24,-45,-1
-21,-50,0
-17,-62,-1
-18,-71,0
-21,-76,0
-31,-91,5
-36,-91,9
-37,-68,10
-26,-59,6
-11,-70,2
-7,-77,3
-5,-75,2
-8,-66,-1
-14,-48,-6
-18,-40,-5
-25,-37,-4
-26,-35,-3
-23,-36,-2
-16,-40,-2
-13,-43,-2
-14,-58,1
-14,-64,0
-14,-68,-1
-17,-75,1
-29,-74,10
-29,-64,12
-26,-68,9
-23,-75,-2
-19,-75,-2
-21,-74,3
-20,-65,7
-17,-51,8
-16,-49,5
-17,-48,3
-17,-49,1
-18,-51,2
-17,-51,3
-14,-55,2
-14,-63,4
-16,-65,6
-17,-67,5
-19,-75,6
-24,-85,6
-28,-85,2
-20,-74,0
-14,-71,1
-8,-66,5
-7,-64,3
-10,-66,-5
-13,-62,-9
-17,-54,-12
-21,-48,-11
-19,-47,-8
-21,-51,-10
-19,-52,-10
-16,-55,-11
-17,-57,-11
-18,-58,-8
-19,-57,-7
-18,-62,-7
-17,-67,-7
-17,-67,-3
-18,-61,9
-19,-61,18
-8,-70,33
-18,-71,24
-24,-55,12
-26,-59,2
-19,-58,-3
-20,-60,-6
-19,-60,-2
-19,-60,-1
-20,-57,1
-21,-56,3
-21,-57,4
-20,-60,7
-18,-62,9
-19,-63,10
-25,-64,6
-23,-61,4
-21,-60,3
-21,-59,3
-21,-59,3
-22,-58,1
-24,-61,-1
-26,-65,-3
-25,-62,-5
-25,-60,-3
-24,-59,-7
-20,-58,-10
-21,-57,-13
-21,-59,-13
-21,-61,-13
-20,-59,-12
-22,-56,-12
-23,-56,-13
-26,-58,-11
-25,-59,-13
-25,-60,-14
-26,-68,-17
-27,-69,-16
-25,-64,-14
-25,-65,-12
-21,-66,-12
-19,-67,-14
-13,-71,-19
-11,-68,-19
-12,-64,-18
-14,-62,-16
-17,-58,-16
-17,-59,-14
-14,-59,-12
-11,-58,-7
-12,-57,-6
-14,-55,-5
-15,-57,-5
-16,-67,-6
-15,-67,-5
-14,-67,-4
-13,-66,-3
-13,-62,-3
-14,-56,-2
-13,-55,-2
-12,-61,-5
-10,-66,-7
-13,-65,-8
-15,-62,-8
-19,-55,-6
-20,-54,-5
-23,-56,-7
-24,-57,-7
-20,-61,-6
-18,-67,-6
-21,-66,-4
-27,-61,0
-27,-61,0
-17,-64,0
-14,-66,-2
-10,-65,0
-11,-64,0
-10,-63,0
-11,-64,-1
-13,-63,-1
-11,-60,0
-9,-59,0
-9,-59,0
-9,-58,0
-12,-59,0
-13,-60,0
-17,-60,0
-18,-60,0
-19,-60,-1
-19,-60,0
-20,-60,0
-20,-61,0
-20,-61,0
-21,-61,-1
-21,-61,-1
-19,-62,-1
-19,-64,1
-17,-65,4
-17,-65,6
-16,-63,7
-16,-63,8
-14,-60,7
-14,-58,6
-14,-55,4
-14,-55,1
-14,-54,0
-19,-57,0
-21,-57,0
-21,-56,0
-21,-56,1
-21,-57,2
-20,-59,2
-20,-62,2
-22,-64,3
-24,-72,3
-29,-81,7
-31,-80,7
-31,-80,8
-29,-80,7
-21,-63,2
-17,-58,2
-12,-62,0
-10,-64,-1
-15,-67,-9
-16,-64,-9
-20,-54,-8
-21,-50,-2
-22,-48,0
-26,-44,0
-25,-43,1
-21,-43,6
-19,-44,6
-20,-54,5
-20,-58,4
-20,-64,6
-21,-70,6
-29,-69,12
-32,-62,13
-26,-62,11
-18,-73,3
-13,-74,1
-10,-73,3
-14,-66,5
-18,-52,4
-22,-47,2
-24,-42,-2
-24,-41,-4
-23,-48,-1
-18,-56,-1
-16,-58,-1
-18,-63,-1
-21,-70,-1
-24,-78,0
-23,-83,3
-27,-84,15
-30,-79,17
-21,-68,4
-14,-70,-4
-8,-75,-7
-5,-68,-3
-7,-60,-1
-8,-54,-1
-13,-44,-2
-22,-40,-5
-25,-39,-6
-23,-40,-4
-19,-41,-3
-12,-49,0
-11,-55,0
-11,-67,-2
-16,-80,-4
-24,-83,-3
-31,-77,2
-34,-61,8
-31,-65,6
-20,-76,0
-9,-79,0
-8,-64,4
-11,-49,12
-15,-44,11
-21,-36,3
-20,-39,0
-17,-43,1
-15,-47,2
-16,-63,-3
-17,-68,-5
-24,-76,-2
-27,-88,2
-31,-91,5
-32,-71,11
-28,-66,6
-18,-78,-3
-15,-83,-6
-8,-78,-6
-6,-66,-3
-10,-50,4
-11,-45,5
-19,-34,3
-24,-38,4
-19,-36,1
-12,-37,-4
-12,-44,-5
-13,-59,-5
-15,-65,-5
-20,-79,-5
-28,-82,-3
-37,-61,8
-35,-63,7
-31,-80,1
-24,-84,-2
-6,-77,1
-3,-55,10
-6,-51,14
-14,-42,11
-19,-40,5
-20,-37,0
-20,-41,-1
-16,-53,3
-17,-67,3
-19,-73,4
-21,-77,5
-26,-94,3
-30,-100,3
-33,-85,3
-19,-66,-4
-13,-69,-4
-5,-73,-2
-4,-72,-4
-9,-53,-7
-11,-44,-7
-17,-37,-4
-20,-35,-2
-23,-36,-2
-18,-40,0
-15,-42,-1
-11,-49,-2
-13,-57,-2
-17,-70,-3
-21,-76,-3
-32,-85,4
-34,-73,11
-27,-62,8
-24,-71,4
-17,-81,-1
-13,-81,0
-13,-64,5
-12,-52,10
-16,-48,6
-21,-42,1
-21,-41,-1
-17,-42,0
-13,-44,2
-15,-54,0
-16,-61,0
-19,-70,0
-21,-75,0
-25,-86,1
-34,-84,3
-37,-74,5
-26,-62,-5
-21,-70,-10
-22,-73,-11
-20,-72,-14
-15,-55,-11
-16,-48,-6
-19,-42,2
-17,-40,2
-17,-38,0
-18,-41,0
-17,-44,-1
-13,-52,-1
-14,-59,-1
-18,-70,-2
-23,-77,-2
-31,-83,4
-33,-77,6
-29,-56,4
-23,-60,0
-19,-73,-4
-16,-76,-4
-16,-65,-3
-18,-52,4
-20,-48,5
-20,-44,2
-19,-43,0
-17,-44,1
-15,-45,3
-15,-51,5
-14,-55,5
-15,-66,3
-17,-72,3
-20,-84,1
-29,-87,5
-31,-83,8
-29,-63,7
-20,-70,1
-14,-75,-6
-10,-73,-7
-6,-64,-9
-7,-58,-8
-10,-49,-3
-14,-46,-3
-19,-43,-5
-20,-45,-9
-15,-45,-8
-10,-45,-6
-9,-49,-5
-11,-58,-4
-12,-60,-3
-18,-67,-1
-21,-75,4
-25,-78,11
-25,-78,12
-22,-77,5
-18,-66,1
-19,-69,-1
-10,-71,-2
-7,-72,-2
-8,-63,-1
-10,-59,0
-13,-53,-2
-17,-54,-5
-14,-54,0
7,-56,13
1,-55,13
-7,-54,8
-22,-53,-2
-25,-54,-3
-23,-57,-3
-15,-64,8
-18,-65,7
-27,-66,0
-24,-67,0
-14,-69,2
-10,-68,1
-4,-68,2
-5,-69,0
-9,-69,-1
-15,-65,-4
-16,-63,-4
-12,-60,-2
-11,-59,-2
-11,-56,-2
-12,-56,-3
-14,-56,-4
-15,-57,-4
-17,-58,-3
-18,-58,-4
-19,-60,-2
-18,-60,-1
-19,-63,1
-19,-62,2
-20,-62,2
-20,-60,3
-21,-61,2
-20,-61,3
-19,-61,2
-20,-61,1
-21,-62,0
-22,-62,-1
-22,-62,-2
-20,-62,-2
-20,-61,-3
-19,-60,-4
-18,-62,-5
-19,-62,-6
-18,-62,-6
-18,-62,-6
-18,-63,-7
-18,-63,-7
-16,-61,-7
-16,-61,-7
-17,-61,-7
-17,-62,-8
-17,-63,-8
-16,-64,-8
-17,-65,-8
-17,-61,-7
-17,-60,-7
-16,-59,-6
-15,-58,-6
-11,-57,-1
-11,-56,-1
-15,-59,1
-17,-60,3
-20,-63,6
-20,-61,7
-19,-60,7
-19,-58,3
-19,-58,2
-20,-61,1
-20,-64,-1
-21,-65,-3
-20,-65,-4
-17,-65,-4
-16,-64,-4
-16,-64,-5
-16,-63,-6
-15,-62,-6
-15,-64,-5
-15,-65,-5
-13,-63,-4
-11,-62,-3
-11,-62,-2
-12,-60,-2
-12,-56,-3
-11,-56,-3
-11,-58,-1
-11,-63,-2
-10,-63,-1
-11,-62,-1
-14,-58,-1
-16,-56,-2
-17,-56,-2
-18,-57,-2
-17,-59,-1
-18,-62,-1
-19,-64,-1
-20,-67,-2
-20,-68,-3
-19,-68,-3
-19,-65,-3
-19,-64,-3
-18,-61,-3
-18,-61,-4
-17,-62,-4
-17,-61,-4
-18,-62,-5
-19,-62,-4
-18,-63,-4
-16,-62,-3
-14,-60,-2
-12,-62,-2
-12,-62,-2
-14,-60,-3
-14,-60,-2
-15,-58,0
-15,-58,0
-15,-60,1
-16,-60,2
-15,-61,2
-15,-61,2
-17,-61,1
-18,-61,1
-19,-61,0
-19,-60,0
-19,-60,0
-20,-60,-1
-20,-60,-1
-21,-60,-1
-20,-59,-2
-20,-59,-2
-20,-59,-2
-20,-61,-2
-20,-62,-2
-18,-63,-1
-16,-63,0
-16,-64,1
-13,-66,5
-9,-70,9
0,-68,20
-9,-65,15
-12,-59,6
-12,-58,2
-13,-56,-1
-12,-56,0
-14,-55,2
-16,-57,3
-17,-58,4
-18,-57,3
-18,-57,3
-19,-56,3
-20,-57,3
-21,-60,3
-19,-60,4
-20,-60,3
-22,-61,3
-23,-63,4
-24,-73,3
-25,-78,4
-26,-81,4
-25,-81,2
-22,-81,2
-19,-76,3
-12,-59,4
-9,-55,3
-11,-56,-1
-13,-59,-4
-14,-65,-8
-15,-60,-8
-17,-54,-8
-22,-51,-2
-23,-48,-2
-21,-42,0
-20,-42,2
-17,-42,3
-17,-43,3
-19,-50,2
-19,-56,3
-21,-67,3
-24,-85,4
-25,-82,4
-30,-66,11
-31,-64,10
-32,-69,4
-30,-72,1
-20,-70,-2
-18,-65,1
-18,-48,5
-19,-43,3
-19,-42,-1
-18,-47,0
-15,-49,3
-14,-50,4
-18,-54,4
-23,-60,5
-23,-65,6
-21,-74,5
-23,-75,6
-33,-82,5
-34,-82,-3
-34,-65,-8
-26,-60,-13
-21,-67,-8
-13,-69,-7
-9,-64,2
-14,-56,3
-11,-52,4
-13,-47,4
-18,-42,3
-25,-43,-1
-25,-42,-3
-20,-43,-4
-19,-47,-1
-21,-53,0
-23,-60,0
-24,-73,-2
-31,-88,4
-34,-79,8
-27,-63,3
-23,-71,0
-18,-72,-4
-15,-70,-5
-13,-61,-2
-13,-53,2
-16,-49,1
-18,-44,0
-21,-40,0
-21,-39,1
-17,-39,3
-24,-48,0
-29,-57,-1
-26,-72,0
-23,-80,1
-26,-90,5
-39,-88,8
-42,-76,8
-39,-61,3
-21,-54,-5
-21,-64,-7
-22,-71,-13
-24,-59,-11
-21,-51,-8
-16,-44,-3
-14,-43,-2
-17,-40,-4
-19,-40,-5
-17,-41,-4
-15,-45,-4
-7,-54,-4
-5,-68,-8
-8,-74,-10
-11,-82,-11
-32,-83,4
-42,-63,16
-36,-61,6
-22,-70,-8
-17,-73,-10
-9,-77,-2
-8,-68,5
-10,-54,13
-15,-49,10
-23,-41,-1
-25,-39,-4
-23,-40,-3
-15,-46,2
-13,-50,3
-14,-63,0
-18,-69,-1
-25,-81,0
-26,-94,2
-35,-101,11
-37,-88,9
-22,-64,-2
-17,-68,-6
-8,-75,-3
-3,-67,-1
-4,-55,-2
-6,-41,-2
-12,-38,-3
-27,-35,-7
-30,-36,-9
-26,-39,-9
-20,-40,-7
-12,-49,-4
-10,-56,-3
-13,-67,-4
-16,-70,-4
-26,-82,1
-34,-69,13
-33,-61,12
-26,-69,3
-22,-74,0
-13,-80,-2
-12,-77,2
-10,-62,12
-12,-56,13
-18,-44,3
-20,-39,0
-21,-40,-2
-14,-42,3
-13,-48,2
-13,-58,-1
-15,-63,-4
-20,-76,-3
-23,-85,-3
-32,-98,4
-35,-91,9
-28,-59,6
-17,-60,1
-8,-73,-3
-4,-78,-7
-4,-68,-8
-8,-50,-7
-9,-47,-2
-17,-38,0
-22,-36,-2
-24,-40,-6
-20,-42,-6
-11,-47,-5
-9,-52,-5
-10,-66,-5
-11,-70,-5
-19,-82,-3
-30,-75,5
-33,-65,10
-26,-62,6
-24,-67,3
-13,-74,0
-7,-78,-1
-7,-68,3
-9,-59,6
-13,-49,8
-16,-45,5
-21,-40,0
-20,-39,1
-16,-40,3
-14,-50,2
-15,-57,1
-19,-68,-1
-21,-70,0
-21,-84,2
-27,-89,2
-31,-83,7
-30,-68,8
-16,-68,1
-13,-78,-3
-10,-76,-5
-10,-67,-8
-13,-60,-6
-14,-51,-1
-18,-48,-2
-22,-46,-4
-23,-46,-6
-18,-46,-5
-16,-48,-4
-14,-50,-2
-14,-52,-3
-19,-57,-5
-19,-57,-6
-20,-64,-5
-24,-69,-3
-26,-71,-1
-30,-73,6
-29,-64,10
-19,-60,14
-15,-62,13
4,-81,30
-16,-75,18
-16,-61,7
-20,-55,-2
-22,-53,-6
-21,-50,-6
-20,-50,-4
-17,-52,-2
-17,-54,-2
-18,-59,1
-25,-60,1
-17,-63,9
-17,-63,16
-31,-62,16
-29,-60,9
-23,-59,1
-16,-73,-2
-17,-80,-2
-12,-73,-3
-9,-67,-3
-7,-61,0
-8,-62,0
-12,-61,-4
-14,-59,-6
-17,-56,-8
-15,-56,-7
-14,-56,-5
-13,-55,-3
-13,-56,-2
-12,-58,0
-12,-58,0
-13,-61,1
-16,-61,3
-18,-61,4
-19,-62,4
-20,-61,3
-19,-61,3
-19,-62,3
-19,-62,1
-19,-62,-1
-22,-62,-3
-24,-62,-2
-26,-61,-2
-26,-61,-2
-29,-63,-3
-30,-63,-3
-28,-63,-4
-28,-63,-3
-30,-61,-3
-30,-60,-4
-29,-62,-6
-25,-61,-6
-24,-61,-7
-23,-62,-8
-25,-61,-10
-31,-61,-14
-33,-61,-21
-37,-59,-28
-22,-55,-19
-25,-49,-20
-26,-53,-25
-42,-48,-30
-30,-50,-34
-27,-53,-37
-24,-53,-32
-26,-53,-31
-25,-54,-30
-24,-54,-28
-20,-58,-26
-19,-59,-25
-20,-58,-20
-18,-60,-19
-18,-59,-17
-14,-60,-12
-13,-61,-11
-12,-62,-8
-13,-62,-7
-15,-62,-5
-18,-64,-5
-21,-71,-3
-22,-73,-3
-16,-73,-3
-15,-74,-2
-7,-69,4
-8,-67,3
-9,-62,1
-11,-58,-2
-10,-58,-2
-14,-57,-5
-17,-56,-5
-23,-54,-7
-25,-53,-7
-27,-52,-7
-27,-53,-7
-26,-55,-5
-27,-56,-5
-29,-63,-4
-29,-68,-4
-28,-69,-4
-22,-66,1
-18,-65,3
-12,-64,5
-12,-62,3
-15,-60,2
-17,-59,1
-18,-57,2
-19,-57,0
-17,-56,-1
-18,-55,0
-17,-56,0
-17,-56,0
-20,-55,-2
-18,-58,4
-20,-58,5
-22,-57,3
-25,-57,3
-27,-53,2
-28,-53,2
-30,-55,2
-33,-56,1
-29,-59,-1
-31,-63,-2
-31,-66,-2
-33,-67,-1
-33,-65,1
-32,-62,1
-32,-61,1
-32,-59,1
-32,-58,1
-26,-55,1
-24,-55,2
-22,-55,4
-22,-56,3
-22,-60,2
-24,-67,0
-26,-73,0
-31,-75,0
-32,-73,0
-32,-66,4
-27,-64,4
-19,-65,0
-16,-68,-2
-10,-69,-4
-9,-65,-1
-9,-58,1
-13,-50,0
-14,-47,-1
-17,-44,-2
-17,-44,-2
-12,-45,0
-11,-46,1
-11,-52,1
-10,-58,0
-13,-70,-2
-18,-86,-4
-23,-87,-2
-31,-73,8
-33,-64,11
-25,-60,8
-20,-63,5
-7,-68,-1
-5,-69,0
-10,-54,5
-11,-46,7
-19,-39,5
-24,-38,0
-25,-40,-2
-22,-50,1
-20,-57,2
-19,-66,3
-20,-71,3
-26,-79,5
-28,-82,5
-36,-88,11
-37,-82,13
-26,-67,-1
-16,-79,-9
-12,-80,-8
-6,-74,-5
-11,-67,-4
-7,-49,2
-10,-46,1
-16,-41,-2
-20,-40,-4
-21,-40,-6
-19,-41,-4
-12,-49,-1
-8,-61,0
-8,-65,-2
-9,-67,-2
-16,-77,-2
-28,-66,4
-31,-56,7
-27,-67,4
-25,-76,4
-14,-81,4
-9,-74,5
-6,-56,12
-12,-47,11
-16,-42,7
-19,-39,2
-21,-40,0
-22,-47,3
-21,-54,3
-20,-65,1
-20,-70,1
-26,-78,2
-26,-82,1
-33,-88,7
-32,-71,5
-24,-72,-3
-18,-79,-6
-5,-83,-7
-3,-69,-5
-6,-55,-1
-10,-46,6
-12,-39,4
-19,-38,2
-20,-39,2
-14,-43,3
-9,-49,2
-10,-54,1
-11,-61,-2
-16,-68,-8
-24,-79,-10
-30,-75,-5
-44,-54,10
-37,-53,9
-24,-72,6
-15,-79,5
-4,-82,4
-7,-62,15
-11,-57,17
-16,-51,14
-25,-41,0
-23,-41,0
-17,-39,1
-10,-43,3
-11,-49,2
-18,-60,-2
-23,-66,-2
-29,-80,-3
-39,-92,4
-42,-79,9
-39,-69,4
-25,-77,-12
-21,-83,-13
-12,-76,-6
-7,-67,-2
-5,-49,2
-11,-40,5
-14,-36,5
-21,-36,1
-20,-39,0
-15,-46,2
-12,-52,0
-11,-64,-4
-12,-71,-5
-20,-83,-4
-25,-90,0
-30,-75,7
-24,-53,0
-22,-59,-2
-17,-68,-3
-14,-72,-4
-13,-64,-2
-13,-56,3
-16,-46,11
-17,-43,10
-18,-40,6
-19,-40,3
-19,-43,3
-20,-52,4
-21,-59,3
-22,-71,4
-23,-77,5
-22,-86,4
-26,-92,7
-41,-82,3
-45,-67,-3
-25,-58,-11
-20,-64,-10
-13,-72,-6
-16,-69,-6
-14,-51,-5
-18,-41,-3
-19,-40,-1
-21,-37,-1
-22,-37,-1
-18,-41,-1
-16,-44,-1
-11,-53,-1
-10,-62,-2
-14,-74,-4
-16,-81,-3
-29,-86,4
-34,-69,10
-32,-62,4
-24,-68,-2
-21,-72,-4
-10,-71,-3
-10,-67,-1
-13,-53,7
-16,-48,8
-20,-41,2
-22,-41,0
-23,-43,-1
-19,-48,3
-17,-54,5
-17,-62,5
-18,-66,4
-19,-72,4
-20,-74,2
-26,-84,3
-28,-82,5
-30,-61,7
-26,-62,2
-22,-79,-5
-18,-82,-7
-10,-71,-7
-9,-56,-2
-12,-51,1
-14,-45,1
-16,-44,-1
-20,-45,-4
-19,-45,-4
-13,-46,-2
-11,-47,-1
-9,-55,-1
-11,-57,-2
-16,-62,-2
-20,-72,0
-24,-78,2
-25,-74,8
-25,-70,10
-19,-58,11
-17,-60,7
-13,-69,-1
-12,-74,-3
-14,-70,1
-17,-67,3
-20,-57,4
-19,-52,1
-19,-53,0
-15,-55,5
-12,-56,7
-13,-58,9
-19,-56,8
-26,-54,4
-25,-56,5
-20,-59,7
-18,-59,8
-18,-68,7
-19,-73,5
-21,-74,-2
-18,-68,-4
-17,-67,-3
-16,-64,0
-16,-60,-2
-16,-55,-6
-15,-54,-7
-14,-53,-8
-15,-54,-8
-17,-59,-8
-17,-60,-8
-16,-61,-7
-15,-60,-3
-15,-61,-1
-15,-61,4
-15,-61,5
-17,-63,7
-17,-64,6
-17,-65,4
-17,-64,3
-18,-62,1
-17,-60,1
-18,-59,-1
-20,-59,-3
-20,-59,-3
-20,-59,-3
-20,-59,-2
-19,-61,0
-19,-62,0
-18,-62,2
-18,-63,3
-16,-63,3
-15,-63,3
-13,-62,3
-14,-61,2
-15,-61,1
-16,-61,0
-16,-60,0
-17,-60,0
-17,-60,0
-17,-60,0
-17,-60,1
-17,-60,1
-17,-60,1
-17,-61,1
-18,-61,1
-18,-60,2
-20,-60,2
-20,-59,1
-20,-58,1
-20,-58,1
-20,-57,0
-21,-58,0
-23,-60,-1
-22,-60,-1
-22,-63,-1
-23,-64,-1
-23,-62,-2
-25,-61,-4
-24,-60,-6
-24,-59,-8
-24,-58,-9
-22,-61,-11
-22,-63,-11
-20,-63,-11
-19,-62,-10
-18,-60,-8
-17,-60,-7
-15,-57,-8
-14,-56,-9
-15,-64,-10
-17,-70,-9
-16,-69,-7
-14,-65,-6
-14,-63,-5
-15,-59,-5
-16,-58,-4
-16,-58,-5
-18,-59,-5
-19,-62,-8
-20,-63,-9
-19,-64,-10
-18,-66,-10
-17,-66,-9
-14,-63,-10
-13,-61,-9
-13,-60,-11
-13,-61,-12
-12,-59,-13
-13,-57,-13
-14,-54,-12
-16,-54,-12
-18,-56,-11
-17,-58,-9
-18,-60,-9
-18,-63,-7
-17,-64,-6
-16,-65,-3
-15,-66,0
-14,-67,4
-13,-70,6
-10,-71,7
-8,-71,5
-6,-65,4
-6,-64,3
-9,-62,1
-13,-62,-2
-14,-61,-4
-14,-60,-6
-15,-60,-6
-18,-58,-5
-18,-57,-5
-18,-56,-6
-18,-57,-5
-18,-59,-4
-18,-60,-4
-19,-63,-2
-20,-62,-1
-21,-62,0
-22,-62,2
-21,-61,3
-20,-62,3
-20,-61,5
-19,-62,6
-19,-64,7
-19,-65,9
-18,-63,8
-18,-62,7
-16,-60,6
-15,-59,4
-15,-57,2
-15,-56,1
-16,-55,0
-17,-54,1
-19,-53,1
-19,-54,1
-18,-54,2
-19,-55,3
-19,-57,4
-20,-59,4
-23,-66,5
-27,-79,7
-28,-84,8
-31,-90,10
-29,-88,7
-21,-74,4
-18,-67,5
-11,-62,0
-10,-63,-3
-11,-66,-7
-14,-68,-8
-16,-57,-8
-20,-50,-7
-20,-48,-4
-19,-44,-3
-19,-44,-2
-16,-44,0
-16,-45,0
-15,-49,0
-16,-54,1
-15,-64,1
-16,-68,1
-25,-77,4
-34,-66,9
-33,-59,8
-23,-63,3
-22,-70,-1
-16,-80,0
-17,-79,1
-14,-59,10
-14,-53,12
-18,-45,5
-21,-43,2
-23,-41,-1
-18,-44,3
-15,-49,3
-18,-60,3
-22,-65,0
-26,-77,-2
-27,-84,-3
-34,-90,7
-37,-81,12
-27,-67,2
-19,-74,-1
-7,-79,-1
-5,-70,1
-3,-63,2
-4,-48,2
-8,-43,1
-20,-36,-5
-26,-37,-7
-28,-42,-5
-22,-43,-3
-11,-50,-1
-10,-56,-1
-13,-65,-4
-22,-79,-6
-31,-84,-5
-41,-65,7
-39,-61,7
-34,-68,6
-28,-71,7
-13,-72,7
-6,-66,10
13,-57,30
-23,-45,10
-34,-34,-4
-29,-35,-7
-22,-35,-3
-17,-39,-1
-13,-51,2
-16,-63,0
-19,-71,0
-26,-88,0
-32,-99,5
-38,-93,14
-38,-76,13
-17,-68,0
-15,-74,-2
-13,-73,-2
-10,-72,-3
-11,-51,-2
-13,-41,0
-17,-38,-1
-25,-39,-6
-25,-41,-7
-16,-43,-5
-12,-45,-5
-6,-58,-4
-10,-69,-6
-13,-72,-6
-16,-80,-7
-33,-74,5
-33,-60,11
-27,-71,4
-16,-83,-4
-12,-81,-3
-7,-64,5
-6,-56,9
-11,-50,11
-19,-41,1
-21,-38,-2
-22,-38,-2
-17,-40,1
-15,-44,0
-15,-59,-3
-19,-74,-6
-22,-81,-6
-23,-94,-5
-29,-97,-2
-39,-77,7
-21,-61,-2
-14,-64,-3
-12,-70,-5
-7,-75,-9
-9,-73,-5
-7,-52,2
-11,-44,5
-15,-41,2
-23,-37,-7
-26,-38,-8
-20,-44,-7
-10,-57,-7
-8,-64,-7
-7,-67,-8
-13,-77,-10
-20,-85,-7
-34,-73,6
-35,-58,3
-30,-60,0
-16,-72,-5
-7,-78,-5
-4,-70,3
-6,-59,11
-12,-46,15
-19,-42,9
-25,-37,-1
-26,-36,-2
-15,-40,2
-11,-46,2
-10,-64,-1
-17,-74,-4
-21,-79,-4
-26,-94,1
-31,-95,4
-33,-80,10
-31,-64,7
-16,-63,-2
-16,-70,-4
-12,-82,-7
-9,-64,-5
-6,-51,-2
-18,-44,3
-21,-38,3
-24,-38,-1
-20,-39,-1
-12,-43,-1
-9,-46,-1
-7,-56,-3
-10,-60,-4
-16,-66,-7
-17,-72,-6
-27,-75,0
-33,-60,7
-31,-61,5
-25,-74,4
-20,-80,3
-10,-81,4
-8,-72,9
-11,-58,16
-15,-53,13
-20,-46,4
-19,-45,1
-15,-43,1
-12,-44,3
-14,-48,3
-19,-57,0
-20,-61,-1
-21,-67,-1
-20,-71,-2
-26,-86,0
-29,-89,3
-33,-69,9
-28,-59,7
-18,-75,0
-13,-82,-3
-3,-82,-6
-3,-67,-4
-4,-59,-1
-9,-50,1
-13,-47,-1
-19,-45,-6
-21,-45,-7
-12,-48,-5
-10,-51,-5
-5,-55,-2
-5,-56,-2
-11,-55,-2
-15,-52,1
-17,-57,2
-18,-64,1
-19,-70,2
-23,-85,3
-23,-87,3
-19,-80,5
-19,-74,0
-12,-65,-1
-14,-64,-5
-16,-63,-9
-18,-62,-8
-20,-61,-7
-17,-60,-5
-16,-62,-3
-12,-61,6
-11,-59,7
-8,-55,10
-8,-55,10
-12,-57,7
-14,-57,4
-19,-60,1
-21,-61,1
-21,-62,2
-21,-64,2
-20,-64,0
-20,-66,-2
-21,-66,-1
-23,-63,2
-24,-61,2
-23,-60,3
-24,-62,4
-21,-61,6
-20,-61,6
-19,-63,7
-18,-64,6
-17,-64,5
-17,-62,3
-15,-64,3
-12,-64,3
-6,-61,5
-5,-61,5
-6,-60,5
-11,-60,3
-13,-59,2
-15,-58,1
-14,-59,2
-13,-60,4
-15,-61,4
-16,-61,3
-17,-63,3
-17,-63,3
-17,-63,4
-17,-63,4
-17,-62,4
-17,-61,5
-16,-62,4
-16,-63,4
-15,-63,5
-13,-63,6
-16,-62,6
-12,-60,7
-10,-59,8
-7,-58,9
-7,-58,9
-8,-61,8
-9,-62,8
-14,-63,7
-16,-64,7
-14,-63,8
-12,-61,8
-12,-58,8
-13,-57,6
-12,-57,7
-11,-60,5
-13,-63,3
-19,-68,0
-21,-67,0
-16,-63,0
-16,-65,-2
-18,-71,-6
-18,-74,-10
-23,-72,-14
-26,-61,-8
-29,-58,-4
-26,-51,0
-23,-48,0
-19,-45,-1
-16,-47,-3
-17,-49,-6
-18,-52,-8
-27,-58,3
-30,-54,10
-24,-45,15
-19,-47,12
-19,-56,9
-19,-82,2
-23,-93,2
-35,-84,7
-40,-82,9
-41,-67,20
-37,-54,23
-31,-67,19
-34,-89,26
-27,-117,15
-30,-111,8
-47,-90,4
-54,-70,-11
-52,-61,-19
-48,-41,-5
-50,-29,3
-54,-22,7
-44,-23,14
-32,-15,24
-29,-12,32
-33,0,19
-37,1,16
-31,14,14
-30,29,3
-33,30,-3
-38,35,-7
-40,32,-10
-45,30,-18
-50,32,-24
-49,17,-34
-58,34,-35
-51,19,-47
-45,17,-40
-40,24,-34
-43,26,-41
-43,31,-39
-40,24,-37
-42,21,-38
-40,22,-39
-32,18,-33
-37,18,-35
-39,26,-36
-53,26,-40
-56,36,-33
-72,7,-34
-66,33,-48
-63,7,-44
-60,11,-33
-55,7,-32
-52,7,-29
-57,9,-28
-53,7,-29
-51,7,-32
-43,22,-33
-39,25,-33
-37,28,-30
-41,27,-29
-41,28,-30
-44,34,-33
-43,34,-36
-44,35,-40
-43,35,-43
-41,38,-37
-49,41,-42
-51,42,-40
-51,34,-37
-58,22,-30
-57,9,-30
